{"MSE": 0.7752470568790307, "RMSE": 0.8804811507800895, "R2": 0.24458599716250362}